Workbook

Sheet moras
A1: IDENTIFICACION | B1: SEXO | C1: SALARIO | D1: TIPO_ASEGURAMIENTO | E1: SECTOR | F1: INDICADOR_ACTIVO | G1: INDICADOR.EXTRANJERO | H1: INDICADOR_MOROSO | I1: EDAD | J1: SALARIO_ATÍPICO | K1: EDAD_ATÍPICO
A2: 1252 | B2: MUJER | C2: 251072.18 | D2: PENSIONADOS EN SU PROPIO SISTEMA | E2: SECTOR PUBLICO | F2: SI | G2: NO | H2: NO | I2: 14 | J2: =IF(ABS((C2-AVERAGE($C:$C))/_xlfn.STDEV.S(moras[SALARIO]))>1.96,"Atípico","No") -> No | K2: =IF(ABS((moras[[#This Row],[EDAD]]-AVERAGE($I:$I))/_xlfn.STDEV.S($I:$I))>1.96,"Atípico","No") -> Atípico
A3: 4369 | B3: MUJER | C3: 355899.18 | D3: PENSIONADOS EN SU PROPIO SISTEMA | E3: SECTOR PUBLICO | F3: SI | G3: NO | H3: NO | I3: 17 | J3: =IF(ABS((C3-AVERAGE($C:$C))/_xlfn.STDEV.S(moras[SALARIO]))>1.96,"Atípico","No") -> No | K3: =IF(ABS((moras[[#This Row],[EDAD]]-AVERAGE($I:$I))/_xlfn.STDEV.S($I:$I))>1.96,"Atípico","No") -> No
A4: 2374 | B4: MUJER | C4: 638675 | D4: ASALARIADO | E4: SECTOR PRIVADO | F4: SI | G4: NO | H4: NO | I4: 18 | J4: =IF(ABS((C4-AVERAGE($C:$C))/_xlfn.STDEV.S(moras[SALARIO]))>1.96,"Atípico","No") -> No | K4: =IF(ABS((moras[[#This Row],[EDAD]]-AVERAGE($I:$I))/_xlfn.STDEV.S($I:$I))>1.96,"Atípico","No") -> No
A5: 4336 | B5: MUJER | C5: 423276.21 | D5: ASALARIADO | E5: SECTOR PRIVADO | F5: SI | G5: NO | H5: NO | I5: 18 | J5: =IF(ABS((C5-AVERAGE($C:$C))/_xlfn.STDEV.S(moras[SALARIO]))>1.96,"Atípico","No") -> No | K5: =IF(ABS((moras[[#This Row],[EDAD]]-AVERAGE($I:$I))/_xlfn.STDEV.S($I:$I))>1.96,"Atípico","No") -> No
A6: 2300 | B6: HOMBRE | C6: 347000 | D6: ASALARIADO | E6: SECTOR PRIVADO | F6: SI | G6: NO | H6: NO | I6: 18 | J6: =IF(ABS((C6-AVERAGE($C:$C))/_xlfn.STDEV.S(moras[SALARIO]))>1.96,"Atípico","No") -> No | K6: =IF(ABS((moras[[#This Row],[EDAD]]-AVERAGE($I:$I))/_xlfn.STDEV.S($I:$I))>1.96,"Atípico","No") -> No
A7: 1700 | B7: HOMBRE | C7: 309927.25 | D7: ASALARIADO | E7: SECTOR PRIVADO | F7: SI | G7: NO | H7: NO | I7: 18 | J7: =IF(ABS((C7-AVERAGE($C:$C))/_xlfn.STDEV.S(moras[SALARIO]))>1.96,"Atípico","No") -> No | K7: =IF(ABS((moras[[#This Row],[EDAD]]-AVERAGE($I:$I))/_xlfn.STDEV.S($I:$I))>1.96,"Atípico","No") -> No
A8: 2810 | B8: HOMBRE | C8: 273450.7 | D8: ASALARIADO | E8: SECTOR PRIVADO | F8: SI | G8: NO | H8: NO | I8: 18 | J8: =IF(ABS((C8-AVERAGE($C:$C))/_xlfn.STDEV.S(moras[SALARIO]))>1.96,"Atípico","No") -> No | K8: =IF(ABS((moras[[#This Row],[EDAD]]-AVERAGE($I:$I))/_xlfn.STDEV.S($I:$I))>1.96,"Atípico","No") -> No
A9: 683 | B9: HOMBRE | C9: 240000 | D9: ASALARIADO | E9: SECTOR PRIVADO | F9: SI | G9: NO | H9: NO | I9: 18 | J9: =IF(ABS((C9-AVERAGE($C:$C))/_xlfn.STDEV.S(moras[SALARIO]))>1.96,"Atípico","No") -> No | K9: =IF(ABS((moras[[#This Row],[EDAD]]-AVERAGE($I:$I))/_xlfn.STDEV.S($I:$I))>1.96,"Atípico","No") -> No
A10: 4939 | B10: MUJER | C10: 233740 | D10: ASALARIADO | E10: SECTOR PRIVADO | F10: SI | G10: NO | H10: NO | I10: 18 | J10: =IF(ABS((C10-AVERAGE($C:$C))/_xlfn.STDEV.S(moras[SALARIO]))>1.96,"Atípico","No") -> No | K10: =IF(ABS((moras[[#This Row],[EDAD]]-AVERAGE($I:$I))/_xlfn.STDEV.S($I:$I))>1.96,"Atípico","No") -> No
A11: 24 | B11: HOMBRE | C11: 191744.68 | D11: ASALARIADO | E11: SECTOR PRIVADO | F11: SI | G11: NO | H11: NO | I11: 18 | J11: =IF(ABS((C11-AVERAGE($C:$C))/_xlfn.STDEV.S(moras[SALARIO]))>1.96,"Atípico","No") -> No | K11: =IF(ABS((moras[[#This Row],[EDAD]]-AVERAGE($I:$I))/_xlfn.STDEV.S($I:$I))>1.96,"Atípico","No") -> No
A12: 1294 | B12: HOMBRE | C12: 60000 | D12: ASALARIADO | E12: SECTOR PRIVADO | F12: SI | G12: NO | H12: SI | I12: 18 | J12: =IF(ABS((C12-AVERAGE($C:$C))/_xlfn.STDEV.S(moras[SALARIO]))>1.96,"Atípico","No") -> No | K12: =IF(ABS((moras[[#This Row],[EDAD]]-AVERAGE($I:$I))/_xlfn.STDEV.S($I:$I))>1.96,"Atípico","No") -> No
A13: 2943 | B13: HOMBRE | C13: 25000 | D13: ASALARIADO | E13: SECTOR PRIVADO | F13: SI | G13: NO | H13: NO | I13: 18 | J13: =IF(ABS((C13-AVERAGE($C:$C))/_xlfn.STDEV.S(moras[SALARIO]))>1.96,"Atípico","No") -> No | K13: =IF(ABS((moras[[#This Row],[EDAD]]-AVERAGE($I:$I))/_xlfn.STDEV.S($I:$I))>1.96,"Atípico","No") -> No
... A967: 2043 | B967: MUJER | C967: 26956.8 | D967: ASALARIADO | E967: SECTOR PRIVADO | F967: SI | G967: NO | H967: NO | I967: 28 | J967: =IF(ABS((C967-AVERAGE($C:$C))/_xlfn.STDEV.S(moras[SALARIO]))>1.96,"Atípico","No") -> No | K967: =IF(ABS((moras[[#This Row],[EDAD]]-AVERAGE($I:$I))/_xlfn.STDEV.S($I:$I))>1.96,"Atípico","No") -> No
A968: 21 | B968: MUJER | D968: ASALARIADO | E968: SECTOR PRIVADO | F968: SI | G968: SI | H968: NO | I968: 28 | J968: =IF(ABS((C968-AVERAGE($C:$C))/_xlfn.STDEV.S(moras[SALARIO]))>1.96,"Atípico","No") -> No | K968: =IF(ABS((moras[[#This Row],[EDAD]]-AVERAGE($I:$I))/_xlfn.STDEV.S($I:$I))>1.96,"Atípico","No") -> No
A969: 1482 | B969: MUJER | C969: 2398731.5 | D969: ASALARIADO | E969: SECTOR PUBLICO | F969: SI | G969: NO | H969: NO | I969: 29 | J969: =IF(ABS((C969-AVERAGE($C:$C))/_xlfn.STDEV.S(moras[SALARIO]))>1.96,"Atípico","No") -> Atípico | K969: =IF(ABS((moras[[#This Row],[EDAD]]-AVERAGE($I:$I))/_xlfn.STDEV.S($I:$I))>1.96,"Atípico","No") -> No
A970: 2671 | B970: MUJER | C970: 1794936 | D970: ASALARIADO | E970: SECTOR PRIVADO | F970: SI | G970: NO | H970: NO | I970: 29 | J970: =IF(ABS((C970-AVERAGE($C:$C))/_xlfn.STDEV.S(moras[SALARIO]))>1.96,"Atípico","No") -> No | K970: =IF(ABS((moras[[#This Row],[EDAD]]-AVERAGE($I:$I))/_xlfn.STDEV.S($I:$I))>1.96,"Atípico","No") -> No
A971: 4385 | B971: MUJER | C971: 1482847 | D971: ASALARIADO | E971: SECTOR PUBLICO | F971: SI | G971: NO | H971: SI | I971: 29 | J971: =IF(ABS((C971-AVERAGE($C:$C))/_xlfn.STDEV.S(moras[SALARIO]))>1.96,"Atípico","No") -> No | K971: =IF(ABS((moras[[#This Row],[EDAD]]-AVERAGE($I:$I))/_xlfn.STDEV.S($I:$I))>1.96,"Atípico","No") -> No
A972: 3926 | B972: HOMBRE | C972: 1481119.2 | D972: ASALARIADO | E972: SECTOR PRIVADO | F972: SI | G972: NO | H972: NO | I972: 29 | J972: =IF(ABS((C972-AVERAGE($C:$C))/_xlfn.STDEV.S(moras[SALARIO]))>1.96,"Atípico","No") -> No | K972: =IF(ABS((moras[[#This Row],[EDAD]]-AVERAGE($I:$I))/_xlfn.STDEV.S($I:$I))>1.96,"Atípico","No") -> No
A973: 1995 | B973: HOMBRE | C973: 1352723.7 | D973: ASALARIADO | E973: SECTOR PUBLICO | F973: SI | G973: NO | H973: NO | I973: 29 | J973: =IF(ABS((C973-AVERAGE($C:$C))/_xlfn.STDEV.S(moras[SALARIO]))>1.96,"Atípico","No") -> No | K973: =IF(ABS((moras[[#This Row],[EDAD]]-AVERAGE($I:$I))/_xlfn.STDEV.S($I:$I))>1.96,"Atípico","No") -> No
A974: 2343 | B974: HOMBRE | C974: 1250000 | D974: ASALARIADO | E974: SECTOR PRIVADO | F974: SI | G974: NO | H974: NO | I974: 29 | J974: =IF(ABS((C974-AVERAGE($C:$C))/_xlfn.STDEV.S(moras[SALARIO]))>1.96,"Atípico","No") -> No | K974: =IF(ABS((moras[[#This Row],[EDAD]]-AVERAGE($I:$I))/_xlfn.STDEV.S($I:$I))>1.96,"Atípico","No") -> No
A975: 767 | B975: HOMBRE | C975: 1214906 | D975: ASALARIADO | E975: SECTOR PUBLICO | F975: SI | G975: NO | H975: NO | I975: 29 | J975: =IF(ABS((C975-AVERAGE($C:$C))/_xlfn.STDEV.S(moras[SALARIO]))>1.96,"Atípico","No") -> No | K975: =IF(ABS((moras[[#This Row],[EDAD]]-AVERAGE($I:$I))/_xlfn.STDEV.S($I:$I))>1.96,"Atípico","No") -> No
A976: 4040 | B976: MUJER | C976: 1206489.1 | D976: ASALARIADO | E976: SECTOR PRIVADO | F976: SI | G976: NO | H976: NO | I976: 29 | J976: =IF(ABS((C976-AVERAGE($C:$C))/_xlfn.STDEV.S(moras[SALARIO]))>1.96,"Atípico","No") -> No | K976: =IF(ABS((moras[[#This Row],[EDAD]]-AVERAGE($I:$I))/_xlfn.STDEV.S($I:$I))>1.96,"Atípico","No") -> No
A977: 3203 | B977: HOMBRE | C977: 1160637.1 | D977: ASALARIADO | E977: SECTOR PRIVADO | F977: SI | G977: NO | H977: SI | I977: 29 | J977: =IF(ABS((C977-AVERAGE($C:$C))/_xlfn.STDEV.S(moras[SALARIO]))>1.96,"Atípico","No") -> No | K977: =IF(ABS((moras[[#This Row],[EDAD]]-AVERAGE($I:$I))/_xlfn.STDEV.S($I:$I))>1.96,"Atípico","No") -> No
A978: 4110 | B978: MUJER | C978: 1125420 | D978: ASALARIADO | E978: SECTOR PUBLICO | F978: SI | G978: NO | H978: SI | I978: 29 | J978: =IF(ABS((C978-AVERAGE($C:$C))/_xlfn.STDEV.S(moras[SALARIO]))>1.96,"Atípico","No") -> No | K978: =IF(ABS((moras[[#This Row],[EDAD]]-AVERAGE($I:$I))/_xlfn.STDEV.S($I:$I))>1.96,"Atípico","No") -> No
A979: 3330 | B979: HOMBRE | C979: 1066381.1 | D979: ASALARIADO | E979: SECTOR PRIVADO | F979: SI | G979: NO | H979: NO | I979: 29 | J979: =IF(ABS((C979-AVERAGE($C:$C))/_xlfn.STDEV.S(moras[SALARIO]))>1.96,"Atípico","No") -> No | K979: =IF(ABS((moras[[#This Row],[EDAD]]-AVERAGE($I:$I))/_xlfn.STDEV.S($I:$I))>1.96,"Atípico","No") -> No
A980: 2706 | B980: MUJER | C980: 1061946.5 | D980: ASALARIADO | E980: SECTOR PUBLICO | F980: SI | G980: NO | H980: NO | I980: 29 | J980: =IF(ABS((C980-AVERAGE($C:$C))/_xlfn.STDEV.S(moras[SALARIO]))>1.96,"Atípico","No") -> No | K980: =IF(ABS((moras[[#This Row],[EDAD]]-AVERAGE($I:$I))/_xlfn.STDEV.S($I:$I))>1.96,"Atípico","No") -> No
... A2554: 3727 | B2554: HOMBRE | C2554: 299744 | D2554: TRABAJADOR INDEPENDIENTE | E2554: SECTOR PRIVADO | F2554: SI | G2554: NO | H2554: NO | I2554: 40 | J2554: =IF(ABS((C2554-AVERAGE($C:$C))/_xlfn.STDEV.S(moras[SALARIO]))>1.96,"Atípico","No") -> No | K2554: =IF(ABS((moras[[#This Row],[EDAD]]-AVERAGE($I:$I))/_xlfn.STDEV.S($I:$I))>1.96,"Atípico","No") -> No
A2555: 151 | B2555: MUJER | C2555: 299647 | E2555: SECTOR PRIVADO | F2555: SI | G2555: NO | H2555: NO | I2555: 40 | J2555: =IF(ABS((C2555-AVERAGE($C:$C))/_xlfn.STDEV.S(moras[SALARIO]))>1.96,"Atípico","No") -> No | K2555: =IF(ABS((moras[[#This Row],[EDAD]]-AVERAGE($I:$I))/_xlfn.STDEV.S($I:$I))>1.96,"Atípico","No") -> No
A2556: 973 | B2556: MUJER | C2556: 299647 | D2556: ASEGURADO VOLUNTARIO | E2556: SECTOR PRIVADO | F2556: SI | G2556: NO | H2556: NO | I2556: 40 | J2556: =IF(ABS((C2556-AVERAGE($C:$C))/_xlfn.STDEV.S(moras[SALARIO]))>1.96,"Atípico","No") -> No | K2556: =IF(ABS((moras[[#This Row],[EDAD]]-AVERAGE($I:$I))/_xlfn.STDEV.S($I:$I))>1.96,"Atípico","No") -> No
A2557: 3091 | B2557: HOMBRE | C2557: 299441 | D2557: TRABAJADOR INDEPENDIENTE | E2557: SECTOR PRIVADO | F2557: SI | G2557: SI | H2557: SI | I2557: 40 | J2557: =IF(ABS((C2557-AVERAGE($C:$C))/_xlfn.STDEV.S(moras[SALARIO]))>1.96,"Atípico","No") -> No | K2557: =IF(ABS((moras[[#This Row],[EDAD]]-AVERAGE($I:$I))/_xlfn.STDEV.S($I:$I))>1.96,"Atípico","No") -> No
A2558: 1849 | B2558: MUJER | C2558: 299046 | D2558: TRABAJADOR INDEPENDIENTE | E2558: SECTOR PRIVADO | F2558: SI | G2558: SI | H2558: NO | I2558: 40 | J2558: =IF(ABS((C2558-AVERAGE($C:$C))/_xlfn.STDEV.S(moras[SALARIO]))>1.96,"Atípico","No") -> No | K2558: =IF(ABS((moras[[#This Row],[EDAD]]-AVERAGE($I:$I))/_xlfn.STDEV.S($I:$I))>1.96,"Atípico","No") -> No
A2559: 476 | B2559: HOMBRE | C2559: 298195 | D2559: TRABAJADOR INDEPENDIENTE | E2559: SECTOR PRIVADO | F2559: SI | G2559: NO | H2559: SI | I2559: 40 | J2559: =IF(ABS((C2559-AVERAGE($C:$C))/_xlfn.STDEV.S(moras[SALARIO]))>1.96,"Atípico","No") -> No | K2559: =IF(ABS((moras[[#This Row],[EDAD]]-AVERAGE($I:$I))/_xlfn.STDEV.S($I:$I))>1.96,"Atípico","No") -> No
A2560: 123 | B2560: MUJER | C2560: 297062 | D2560: ASEGURADO VOLUNTARIO | E2560: SECTOR PRIVADO | F2560: SI | G2560: NO | H2560: NO | I2560: 40 | J2560: =IF(ABS((C2560-AVERAGE($C:$C))/_xlfn.STDEV.S(moras[SALARIO]))>1.96,"Atípico","No") -> No | K2560: =IF(ABS((moras[[#This Row],[EDAD]]-AVERAGE($I:$I))/_xlfn.STDEV.S($I:$I))>1.96,"Atípico","No") -> No
A2561: 282 | B2561: MUJER | C2561: 297062 | D2561: TRABAJADOR INDEPENDIENTE | E2561: SECTOR PRIVADO | F2561: SI | G2561: NO | H2561: SI | I2561: 40 | J2561: =IF(ABS((C2561-AVERAGE($C:$C))/_xlfn.STDEV.S(moras[SALARIO]))>1.96,"Atípico","No") -> No | K2561: =IF(ABS((moras[[#This Row],[EDAD]]-AVERAGE($I:$I))/_xlfn.STDEV.S($I:$I))>1.96,"Atípico","No") -> No
A2562: 1289 | B2562: MUJER | C2562: 297046 | D2562: TRABAJADOR INDEPENDIENTE | E2562: SECTOR PRIVADO | F2562: SI | G2562: NO | H2562: NO | I2562: 40 | J2562: =IF(ABS((C2562-AVERAGE($C:$C))/_xlfn.STDEV.S(moras[SALARIO]))>1.96,"Atípico","No") -> No | K2562: =IF(ABS((moras[[#This Row],[EDAD]]-AVERAGE($I:$I))/_xlfn.STDEV.S($I:$I))>1.96,"Atípico","No") -> No
A2563: 1357 | B2563: MUJER | C2563: 297046 | D2563: ASEGURADO VOLUNTARIO | E2563: SECTOR PRIVADO | F2563: SI | G2563: NO | H2563: NO | I2563: 40 | J2563: =IF(ABS((C2563-AVERAGE($C:$C))/_xlfn.STDEV.S(moras[SALARIO]))>1.96,"Atípico","No") -> No | K2563: =IF(ABS((moras[[#This Row],[EDAD]]-AVERAGE($I:$I))/_xlfn.STDEV.S($I:$I))>1.96,"Atípico","No") -> No
A2564: 2387 | B2564: MUJER | C2564: 297046 | D2564: TRABAJADOR INDEPENDIENTE | E2564: SECTOR PRIVADO | F2564: SI | G2564: NO | H2564: SI | I2564: 40 | J2564: =IF(ABS((C2564-AVERAGE($C:$C))/_xlfn.STDEV.S(moras[SALARIO]))>1.96,"Atípico","No") -> No | K2564: =IF(ABS((moras[[#This Row],[EDAD]]-AVERAGE($I:$I))/_xlfn.STDEV.S($I:$I))>1.96,"Atípico","No") -> No
A2565: 2580 | B2565: HOMBRE | C2565: 297046 | D2565: ASEGURADO VOLUNTARIO | E2565: SECTOR PRIVADO | F2565: SI | G2565: NO | H2565: NO | I2565: 40 | J2565: =IF(ABS((C2565-AVERAGE($C:$C))/_xlfn.STDEV.S(moras[SALARIO]))>1.96,"Atípico","No") -> No | K2565: =IF(ABS((moras[[#This Row],[EDAD]]-AVERAGE($I:$I))/_xlfn.STDEV.S($I:$I))>1.96,"Atípico","No") -> No
A2566: 3118 | B2566: MUJER | C2566: 297046 | D2566: TRABAJADOR INDEPENDIENTE | E2566: SECTOR PRIVADO | F2566: SI | G2566: NO | H2566: SI | I2566: 40 | J2566: =IF(ABS((C2566-AVERAGE($C:$C))/_xlfn.STDEV.S(moras[SALARIO]))>1.96,"Atípico","No") -> No | K2566: =IF(ABS((moras[[#This Row],[EDAD]]-AVERAGE($I:$I))/_xlfn.STDEV.S($I:$I))>1.96,"Atípico","No") -> No
A2567: 4940 | B2567: HOMBRE | C2567: 297046 | D2567: ASEGURADO VOLUNTARIO | E2567: SECTOR PRIVADO | F2567: SI | G2567: NO | H2567: NO | I2567: 40 | J2567: =IF(ABS((C2567-AVERAGE($C:$C))/_xlfn.STDEV.S(moras[SALARIO]))>1.96,"Atípico","No") -> No | K2567: =IF(ABS((moras[[#This Row],[EDAD]]-AVERAGE($I:$I))/_xlfn.STDEV.S($I:$I))>1.96,"Atípico","No") -> No
... A2728: 1019 | B2728: MUJER | C2728: 2152089.7 | D2728: ASALARIADO | E2728: SECTOR PUBLICO | F2728: SI | G2728: NO | H2728: NO | I2728: 42 | J2728: =IF(ABS((C2728-AVERAGE($C:$C))/_xlfn.STDEV.S(moras[SALARIO]))>1.96,"Atípico","No") -> No | K2728: =IF(ABS((moras[[#This Row],[EDAD]]-AVERAGE($I:$I))/_xlfn.STDEV.S($I:$I))>1.96,"Atípico","No") -> No
A2729: 72 | B2729: MUJER | C2729: 2128928 | E2729: SECTOR PUBLICO | F2729: SI | G2729: NO | H2729: SI | I2729: 42 | J2729: =IF(ABS((C2729-AVERAGE($C:$C))/_xlfn.STDEV.S(moras[SALARIO]))>1.96,"Atípico","No") -> No | K2729: =IF(ABS((moras[[#This Row],[EDAD]]-AVERAGE($I:$I))/_xlfn.STDEV.S($I:$I))>1.96,"Atípico","No") -> No
A2730: 4999 | B2730: HOMBRE | C2730: 1898332.8 | D2730: ASALARIADO | E2730: SECTOR PRIVADO | F2730: SI | G2730: SI | H2730: NO | I2730: 42 | J2730: =IF(ABS((C2730-AVERAGE($C:$C))/_xlfn.STDEV.S(moras[SALARIO]))>1.96,"Atípico","No") -> No | K2730: =IF(ABS((moras[[#This Row],[EDAD]]-AVERAGE($I:$I))/_xlfn.STDEV.S($I:$I))>1.96,"Atípico","No") -> No
A2731: 531 | B2731: HOMBRE | C2731: 1736277 | D2731: ASALARIADO | E2731: SECTOR PUBLICO | F2731: SI | G2731: NO | H2731: NO | I2731: 42 | J2731: =IF(ABS((C2731-AVERAGE($C:$C))/_xlfn.STDEV.S(moras[SALARIO]))>1.96,"Atípico","No") -> No | K2731: =IF(ABS((moras[[#This Row],[EDAD]]-AVERAGE($I:$I))/_xlfn.STDEV.S($I:$I))>1.96,"Atípico","No") -> No
A2732: 3169 | B2732: HOMBRE | C2732: 1562879 | D2732: ASALARIADO | E2732: SECTOR PUBLICO | F2732: SI | G2732: NO | H2732: SI | I2732: 42 | J2732: =IF(ABS((C2732-AVERAGE($C:$C))/_xlfn.STDEV.S(moras[SALARIO]))>1.96,"Atípico","No") -> No | K2732: =IF(ABS((moras[[#This Row],[EDAD]]-AVERAGE($I:$I))/_xlfn.STDEV.S($I:$I))>1.96,"Atípico","No") -> No
A2733: 3032 | B2733: MUJER | C2733: 1517417.5 | D2733: ASALARIADO | E2733: SECTOR PUBLICO | F2733: SI | G2733: NO | H2733: NO | I2733: 42 | J2733: =IF(ABS((C2733-AVERAGE($C:$C))/_xlfn.STDEV.S(moras[SALARIO]))>1.96,"Atípico","No") -> No | K2733: =IF(ABS((moras[[#This Row],[EDAD]]-AVERAGE($I:$I))/_xlfn.STDEV.S($I:$I))>1.96,"Atípico","No") -> No
A2734: 3067 | B2734: MUJER | C2734: 1498971 | D2734: ASALARIADO | E2734: SECTOR PUBLICO | F2734: SI | G2734: NO | H2734: SI | I2734: 42 | J2734: =IF(ABS((C2734-AVERAGE($C:$C))/_xlfn.STDEV.S(moras[SALARIO]))>1.96,"Atípico","No") -> No | K2734: =IF(ABS((moras[[#This Row],[EDAD]]-AVERAGE($I:$I))/_xlfn.STDEV.S($I:$I))>1.96,"Atípico","No") -> No
A2735: 1449 | B2735: MUJER | C2735: 1448116.5 | D2735: ASALARIADO | E2735: SECTOR PUBLICO | F2735: SI | G2735: NO | H2735: NO | I2735: 42 | J2735: =IF(ABS((C2735-AVERAGE($C:$C))/_xlfn.STDEV.S(moras[SALARIO]))>1.96,"Atípico","No") -> No | K2735: =IF(ABS((moras[[#This Row],[EDAD]]-AVERAGE($I:$I))/_xlfn.STDEV.S($I:$I))>1.96,"Atípico","No") -> No
A2736: 4913 | B2736: MUJER | C2736: 1354854 | D2736: ASALARIADO | E2736: SECTOR PUBLICO | F2736: SI | G2736: NO | H2736: SI | I2736: 42 | J2736: =IF(ABS((C2736-AVERAGE($C:$C))/_xlfn.STDEV.S(moras[SALARIO]))>1.96,"Atípico","No") -> No | K2736: =IF(ABS((moras[[#This Row],[EDAD]]-AVERAGE($I:$I))/_xlfn.STDEV.S($I:$I))>1.96,"Atípico","No") -> No
A2737: 3961 | B2737: MUJER | C2737: 1332630 | D2737: ASALARIADO | E2737: SECTOR PUBLICO | F2737: SI | G2737: NO | H2737: SI | I2737: 42 | J2737: =IF(ABS((C2737-AVERAGE($C:$C))/_xlfn.STDEV.S(moras[SALARIO]))>1.96,"Atípico","No") -> No | K2737: =IF(ABS((moras[[#This Row],[EDAD]]-AVERAGE($I:$I))/_xlfn.STDEV.S($I:$I))>1.96,"Atípico","No") -> No
A2738: 363 | B2738: MUJER | C2738: 1331904 | D2738: ASALARIADO | E2738: SECTOR PUBLICO | F2738: SI | G2738: NO | H2738: NO | I2738: 42 | J2738: =IF(ABS((C2738-AVERAGE($C:$C))/_xlfn.STDEV.S(moras[SALARIO]))>1.96,"Atípico","No") -> No | K2738: =IF(ABS((moras[[#This Row],[EDAD]]-AVERAGE($I:$I))/_xlfn.STDEV.S($I:$I))>1.96,"Atípico","No") -> No
A2739: 2805 | B2739: HOMBRE | C2739: 1302821 | D2739: ASALARIADO | E2739: SECTOR PUBLICO | F2739: SI | G2739: NO | H2739: NO | I2739: 42 | J2739: =IF(ABS((C2739-AVERAGE($C:$C))/_xlfn.STDEV.S(moras[SALARIO]))>1.96,"Atípico","No") -> No | K2739: =IF(ABS((moras[[#This Row],[EDAD]]-AVERAGE($I:$I))/_xlfn.STDEV.S($I:$I))>1.96,"Atípico","No") -> No
A2740: 4114 | B2740: MUJER | C2740: 1221960.4 | D2740: ASALARIADO | E2740: SECTOR PUBLICO | F2740: SI | G2740: NO | H2740: NO | I2740: 42 | J2740: =IF(ABS((C2740-AVERAGE($C:$C))/_xlfn.STDEV.S(moras[SALARIO]))>1.96,"Atípico","No") -> No | K2740: =IF(ABS((moras[[#This Row],[EDAD]]-AVERAGE($I:$I))/_xlfn.STDEV.S($I:$I))>1.96,"Atípico","No") -> No
A2741: 2506 | B2741: MUJER | C2741: 1185569 | D2741: ASALARIADO | E2741: SECTOR PRIVADO | F2741: SI | G2741: NO | H2741: NO | I2741: 42 | J2741: =IF(ABS((C2741-AVERAGE($C:$C))/_xlfn.STDEV.S(moras[SALARIO]))>1.96,"Atípico","No") -> No | K2741: =IF(ABS((moras[[#This Row],[EDAD]]-AVERAGE($I:$I))/_xlfn.STDEV.S($I:$I))>1.96,"Atípico","No") -> No
... A2847: 3920 | B2847: HOMBRE | C2847: 10 | D2847: ASALARIADO | E2847: SECTOR PRIVADO | F2847: SI | G2847: NO | H2847: NO | I2847: 42 | J2847: =IF(ABS((C2847-AVERAGE($C:$C))/_xlfn.STDEV.S(moras[SALARIO]))>1.96,"Atípico","No") -> No | K2847: =IF(ABS((moras[[#This Row],[EDAD]]-AVERAGE($I:$I))/_xlfn.STDEV.S($I:$I))>1.96,"Atípico","No") -> No
A2848: 1 | B2848: HOMBRE | D2848: ASALARIADO | E2848: SECTOR PUBLICO | F2848: SI | G2848: NO | H2848: NO | I2848: 42 | J2848: =IF(ABS((C2848-AVERAGE($C:$C))/_xlfn.STDEV.S(moras[SALARIO]))>1.96,"Atípico","No") -> No | K2848: =IF(ABS((moras[[#This Row],[EDAD]]-AVERAGE($I:$I))/_xlfn.STDEV.S($I:$I))>1.96,"Atípico","No") -> No
A2849: 1855 | B2849: HOMBRE | C2849: 4853991.5 | D2849: ASALARIADO | E2849: SECTOR PRIVADO | F2849: SI | G2849: NO | H2849: NO | I2849: 43 | J2849: =IF(ABS((C2849-AVERAGE($C:$C))/_xlfn.STDEV.S(moras[SALARIO]))>1.96,"Atípico","No") -> Atípico | K2849: =IF(ABS((moras[[#This Row],[EDAD]]-AVERAGE($I:$I))/_xlfn.STDEV.S($I:$I))>1.96,"Atípico","No") -> No
A2850: 3944 | B2850: HOMBRE | C2850: 4348062 | D2850: ASALARIADO | E2850: SECTOR PRIVADO | F2850: SI | G2850: NO | H2850: NO | I2850: 43 | J2850: =IF(ABS((C2850-AVERAGE($C:$C))/_xlfn.STDEV.S(moras[SALARIO]))>1.96,"Atípico","No") -> Atípico | K2850: =IF(ABS((moras[[#This Row],[EDAD]]-AVERAGE($I:$I))/_xlfn.STDEV.S($I:$I))>1.96,"Atípico","No") -> No
A2851: 816 | B2851: MUJER | C2851: 3289892.6 | D2851: ASALARIADO | E2851: SECTOR PUBLICO | F2851: SI | G2851: NO | H2851: NO | I2851: 43 | J2851: =IF(ABS((C2851-AVERAGE($C:$C))/_xlfn.STDEV.S(moras[SALARIO]))>1.96,"Atípico","No") -> Atípico | K2851: =IF(ABS((moras[[#This Row],[EDAD]]-AVERAGE($I:$I))/_xlfn.STDEV.S($I:$I))>1.96,"Atípico","No") -> No
A2852: 4095 | B2852: HOMBRE | C2852: 2586422 | D2852: ASALARIADO | E2852: SECTOR PUBLICO | F2852: SI | G2852: NO | H2852: NO | I2852: 43 | J2852: =IF(ABS((C2852-AVERAGE($C:$C))/_xlfn.STDEV.S(moras[SALARIO]))>1.96,"Atípico","No") -> Atípico | K2852: =IF(ABS((moras[[#This Row],[EDAD]]-AVERAGE($I:$I))/_xlfn.STDEV.S($I:$I))>1.96,"Atípico","No") -> No
A2853: 596 | B2853: HOMBRE | C2853: 2183437.8 | D2853: ASALARIADO | E2853: SECTOR PUBLICO | F2853: SI | G2853: NO | H2853: NO | I2853: 43 | J2853: =IF(ABS((C2853-AVERAGE($C:$C))/_xlfn.STDEV.S(moras[SALARIO]))>1.96,"Atípico","No") -> No | K2853: =IF(ABS((moras[[#This Row],[EDAD]]-AVERAGE($I:$I))/_xlfn.STDEV.S($I:$I))>1.96,"Atípico","No") -> No
A2854: 2813 | B2854: MUJER | C2854: 2083266.6 | D2854: ASALARIADO | E2854: SECTOR PUBLICO | F2854: SI | G2854: NO | H2854: NO | I2854: 43 | J2854: =IF(ABS((C2854-AVERAGE($C:$C))/_xlfn.STDEV.S(moras[SALARIO]))>1.96,"Atípico","No") -> No | K2854: =IF(ABS((moras[[#This Row],[EDAD]]-AVERAGE($I:$I))/_xlfn.STDEV.S($I:$I))>1.96,"Atípico","No") -> No
A2855: 4342 | B2855: HOMBRE | C2855: 2012772 | D2855: ASALARIADO | E2855: SECTOR PUBLICO | F2855: SI | G2855: NO | H2855: NO | I2855: 43 | J2855: =IF(ABS((C2855-AVERAGE($C:$C))/_xlfn.STDEV.S(moras[SALARIO]))>1.96,"Atípico","No") -> No | K2855: =IF(ABS((moras[[#This Row],[EDAD]]-AVERAGE($I:$I))/_xlfn.STDEV.S($I:$I))>1.96,"Atípico","No") -> No
A2856: 2349 | B2856: HOMBRE | C2856: 1811308.5 | D2856: ASALARIADO | E2856: SECTOR PRIVADO | F2856: SI | G2856: NO | H2856: NO | I2856: 43 | J2856: =IF(ABS((C2856-AVERAGE($C:$C))/_xlfn.STDEV.S(moras[SALARIO]))>1.96,"Atípico","No") -> No | K2856: =IF(ABS((moras[[#This Row],[EDAD]]-AVERAGE($I:$I))/_xlfn.STDEV.S($I:$I))>1.96,"Atípico","No") -> No
A2857: 4012 | B2857: MUJER | C2857: 1739958 | D2857: ASALARIADO | E2857: SECTOR PUBLICO | F2857: SI | G2857: NO | H2857: NO | I2857: 43 | J2857: =IF(ABS((C2857-AVERAGE($C:$C))/_xlfn.STDEV.S(moras[SALARIO]))>1.96,"Atípico","No") -> No | K2857: =IF(ABS((moras[[#This Row],[EDAD]]-AVERAGE($I:$I))/_xlfn.STDEV.S($I:$I))>1.96,"Atípico","No") -> No
A2858: 2869 | B2858: HOMBRE | C2858: 1739925 | D2858: ASALARIADO | E2858: SECTOR PRIVADO | F2858: SI | G2858: NO | H2858: NO | I2858: 43 | J2858: =IF(ABS((C2858-AVERAGE($C:$C))/_xlfn.STDEV.S(moras[SALARIO]))>1.96,"Atípico","No") -> No | K2858: =IF(ABS((moras[[#This Row],[EDAD]]-AVERAGE($I:$I))/_xlfn.STDEV.S($I:$I))>1.96,"Atípico","No") -> No
A2859: 1274 | B2859: MUJER | C2859: 1720445.3 | D2859: ASALARIADO | E2859: SECTOR PUBLICO | F2859: SI | G2859: NO | H2859: NO | I2859: 43 | J2859: =IF(ABS((C2859-AVERAGE($C:$C))/_xlfn.STDEV.S(moras[SALARIO]))>1.96,"Atípico","No") -> No | K2859: =IF(ABS((moras[[#This Row],[EDAD]]-AVERAGE($I:$I))/_xlfn.STDEV.S($I:$I))>1.96,"Atípico","No") -> No
A2860: 2778 | B2860: HOMBRE | C2860: 1603638.5 | D2860: ASALARIADO | E2860: SECTOR PRIVADO | F2860: SI | G2860: NO | H2860: NO | I2860: 43 | J2860: =IF(ABS((C2860-AVERAGE($C:$C))/_xlfn.STDEV.S(moras[SALARIO]))>1.96,"Atípico","No") -> No | K2860: =IF(ABS((moras[[#This Row],[EDAD]]-AVERAGE($I:$I))/_xlfn.STDEV.S($I:$I))>1.96,"Atípico","No") -> No
... A4612: 3764 | B4612: MUJER | C4612: 100900 | D4612: ASALARIADO | E4612: SECTOR PRIVADO | F4612: SI | G4612: SI | H4612: NO | I4612: 62 | J4612: =IF(ABS((C4612-AVERAGE($C:$C))/_xlfn.STDEV.S(moras[SALARIO]))>1.96,"Atípico","No") -> No | K4612: =IF(ABS((moras[[#This Row],[EDAD]]-AVERAGE($I:$I))/_xlfn.STDEV.S($I:$I))>1.96,"Atípico","No") -> No
A4613: 36 | B4613: HOMBRE | D4613: ASALARIADO | E4613: SECTOR PUBLICO | F4613: SI | G4613: NO | H4613: NO | I4613: 62 | J4613: =IF(ABS((C4613-AVERAGE($C:$C))/_xlfn.STDEV.S(moras[SALARIO]))>1.96,"Atípico","No") -> No | K4613: =IF(ABS((moras[[#This Row],[EDAD]]-AVERAGE($I:$I))/_xlfn.STDEV.S($I:$I))>1.96,"Atípico","No") -> No
A4614: 3009 | B4614: MUJER | C4614: 5249730 | D4614: ASALARIADO | E4614: SECTOR PUBLICO | F4614: SI | G4614: NO | H4614: NO | I4614: 63 | J4614: =IF(ABS((C4614-AVERAGE($C:$C))/_xlfn.STDEV.S(moras[SALARIO]))>1.96,"Atípico","No") -> Atípico | K4614: =IF(ABS((moras[[#This Row],[EDAD]]-AVERAGE($I:$I))/_xlfn.STDEV.S($I:$I))>1.96,"Atípico","No") -> No
A4615: 913 | B4615: HOMBRE | C4615: 2894048.3 | D4615: PENSIONADOS EN SU PROPIO SISTEMA | E4615: SECTOR PUBLICO | F4615: SI | G4615: NO | H4615: NO | I4615: 63 | J4615: =IF(ABS((C4615-AVERAGE($C:$C))/_xlfn.STDEV.S(moras[SALARIO]))>1.96,"Atípico","No") -> Atípico | K4615: =IF(ABS((moras[[#This Row],[EDAD]]-AVERAGE($I:$I))/_xlfn.STDEV.S($I:$I))>1.96,"Atípico","No") -> No
A4616: 1352 | B4616: HOMBRE | C4616: 1954127 | D4616: ASALARIADO | E4616: SECTOR PUBLICO | F4616: SI | G4616: NO | H4616: NO | I4616: 63 | J4616: =IF(ABS((C4616-AVERAGE($C:$C))/_xlfn.STDEV.S(moras[SALARIO]))>1.96,"Atípico","No") -> No | K4616: =IF(ABS((moras[[#This Row],[EDAD]]-AVERAGE($I:$I))/_xlfn.STDEV.S($I:$I))>1.96,"Atípico","No") -> No
A4617: 4549 | B4617: HOMBRE | C4617: 1848072 | D4617: ASALARIADO | E4617: SECTOR PUBLICO | F4617: SI | G4617: NO | H4617: SI | I4617: 63 | J4617: =IF(ABS((C4617-AVERAGE($C:$C))/_xlfn.STDEV.S(moras[SALARIO]))>1.96,"Atípico","No") -> No | K4617: =IF(ABS((moras[[#This Row],[EDAD]]-AVERAGE($I:$I))/_xlfn.STDEV.S($I:$I))>1.96,"Atípico","No") -> No
A4618: 980 | B4618: MUJER | C4618: 1713724 | D4618: PENSIONADOS EN SU PROPIO SISTEMA | E4618: SECTOR PUBLICO | F4618: SI | G4618: NO | H4618: NO | I4618: 63 | J4618: =IF(ABS((C4618-AVERAGE($C:$C))/_xlfn.STDEV.S(moras[SALARIO]))>1.96,"Atípico","No") -> No | K4618: =IF(ABS((moras[[#This Row],[EDAD]]-AVERAGE($I:$I))/_xlfn.STDEV.S($I:$I))>1.96,"Atípico","No") -> No
A4619: 357 | B4619: HOMBRE | C4619: 1540950 | D4619: ASEGURADO VOLUNTARIO | E4619: SECTOR PRIVADO | F4619: SI | G4619: SI | H4619: NO | I4619: 63 | J4619: =IF(ABS((C4619-AVERAGE($C:$C))/_xlfn.STDEV.S(moras[SALARIO]))>1.96,"Atípico","No") -> No | K4619: =IF(ABS((moras[[#This Row],[EDAD]]-AVERAGE($I:$I))/_xlfn.STDEV.S($I:$I))>1.96,"Atípico","No") -> No
A4620: 2158 | B4620: MUJER | C4620: 1241627.9 | D4620: PENSIONADOS EN SU PROPIO SISTEMA | E4620: SECTOR PUBLICO | F4620: SI | G4620: NO | H4620: NO | I4620: 63 | J4620: =IF(ABS((C4620-AVERAGE($C:$C))/_xlfn.STDEV.S(moras[SALARIO]))>1.96,"Atípico","No") -> No | K4620: =IF(ABS((moras[[#This Row],[EDAD]]-AVERAGE($I:$I))/_xlfn.STDEV.S($I:$I))>1.96,"Atípico","No") -> No
A4621: 1153 | B4621: MUJER | C4621: 1122731 | D4621: PENSIONADOS EN SU PROPIO SISTEMA | E4621: SECTOR PUBLICO | F4621: SI | G4621: NO | H4621: NO | I4621: 63 | J4621: =IF(ABS((C4621-AVERAGE($C:$C))/_xlfn.STDEV.S(moras[SALARIO]))>1.96,"Atípico","No") -> No | K4621: =IF(ABS((moras[[#This Row],[EDAD]]-AVERAGE($I:$I))/_xlfn.STDEV.S($I:$I))>1.96,"Atípico","No") -> No
A4622: 702 | B4622: HOMBRE | C4622: 1120850 | D4622: PENSIONADOS EN SU PROPIO SISTEMA | E4622: SECTOR PUBLICO | F4622: SI | G4622: NO | H4622: NO | I4622: 63 | J4622: =IF(ABS((C4622-AVERAGE($C:$C))/_xlfn.STDEV.S(moras[SALARIO]))>1.96,"Atípico","No") -> No | K4622: =IF(ABS((moras[[#This Row],[EDAD]]-AVERAGE($I:$I))/_xlfn.STDEV.S($I:$I))>1.96,"Atípico","No") -> No
A4623: 305 | B4623: MUJER | C4623: 1068785 | D4623: PENSIONADOS EN SU PROPIO SISTEMA | E4623: SECTOR PUBLICO | F4623: SI | G4623: NO | H4623: NO | I4623: 63 | J4623: =IF(ABS((C4623-AVERAGE($C:$C))/_xlfn.STDEV.S(moras[SALARIO]))>1.96,"Atípico","No") -> No | K4623: =IF(ABS((moras[[#This Row],[EDAD]]-AVERAGE($I:$I))/_xlfn.STDEV.S($I:$I))>1.96,"Atípico","No") -> No
A4624: 2196 | B4624: MUJER | C4624: 1002612 | D4624: PENSIONADOS EN SU PROPIO SISTEMA | E4624: SECTOR PUBLICO | F4624: SI | G4624: NO | H4624: NO | I4624: 63 | J4624: =IF(ABS((C4624-AVERAGE($C:$C))/_xlfn.STDEV.S(moras[SALARIO]))>1.96,"Atípico","No") -> No | K4624: =IF(ABS((moras[[#This Row],[EDAD]]-AVERAGE($I:$I))/_xlfn.STDEV.S($I:$I))>1.96,"Atípico","No") -> No
A4625: 543 | B4625: HOMBRE | C4625: 997036 | D4625: ASALARIADO | E4625: SECTOR PUBLICO | F4625: SI | G4625: NO | H4625: NO | I4625: 63 | J4625: =IF(ABS((C4625-AVERAGE($C:$C))/_xlfn.STDEV.S(moras[SALARIO]))>1.96,"Atípico","No") -> No | K4625: =IF(ABS((moras[[#This Row],[EDAD]]-AVERAGE($I:$I))/_xlfn.STDEV.S($I:$I))>1.96,"Atípico","No") -> No
... A4998: 371 | B4998: MUJER | C4998: 3053247.2 | D4998: PENSIONADOS EN SU PROPIO SISTEMA | E4998: SECTOR PUBLICO | F4998: SI | G4998: NO | H4998: NO | I4998: 99 | J4998: =IF(ABS((C4998-AVERAGE($C:$C))/_xlfn.STDEV.S(moras[SALARIO]))>1.96,"Atípico","No") -> Atípico | K4998: =IF(ABS((moras[[#This Row],[EDAD]]-AVERAGE($I:$I))/_xlfn.STDEV.S($I:$I))>1.96,"Atípico","No") -> Atípico
A4999: 52 | B4999: HOMBRE | C4999: 1505458.9 | D4999: ASALARIADO | E4999: SECTOR PUBLICO | F4999: SI | G4999: NO | H4999: NO | J4999: =IF(ABS((C4999-AVERAGE($C:$C))/_xlfn.STDEV.S(moras[SALARIO]))>1.96,"Atípico","No") -> No | K4999: =IF(ABS((moras[[#This Row],[EDAD]]-AVERAGE($I:$I))/_xlfn.STDEV.S($I:$I))>1.96,"Atípico","No") -> Atípico
A5000: 50 | B5000: HOMBRE | C5000: 443282 | D5000: ASALARIADO | E5000: SECTOR PRIVADO | F5000: SI | G5000: SI | H5000: NO | J5000: =IF(ABS((C5000-AVERAGE($C:$C))/_xlfn.STDEV.S(moras[SALARIO]))>1.96,"Atípico","No") -> No | K5000: =IF(ABS((moras[[#This Row],[EDAD]]-AVERAGE($I:$I))/_xlfn.STDEV.S($I:$I))>1.96,"Atípico","No") -> Atípico
A5001: 70 | B5001: HOMBRE | C5001: 299647 | D5001: ASEGURADO VOLUNTARIO | E5001: SECTOR PRIVADO | F5001: SI | G5001: NO | H5001: NO | J5001: =IF(ABS((C5001-AVERAGE($C:$C))/_xlfn.STDEV.S(moras[SALARIO]))>1.96,"Atípico","No") -> No | K5001: =IF(ABS((moras[[#This Row],[EDAD]]-AVERAGE($I:$I))/_xlfn.STDEV.S($I:$I))>1.96,"Atípico","No") -> Atípico

Sheet mora_imputada
A1: IDENTIFICACION | B1: SEXO | C1: SALARIO | D1: TIPO_ASEGURAMIENTO | E1: SECTOR | F1: INDICADOR_ACTIVO | G1: INDICADOR.EXTRANJERO | H1: INDICADOR_MOROSO | I1: EDAD | J1: SALARIO_ATÍPICO | K1: EDAD_ATÍPICO | L1: RANGOS_EDAD | M1: RANGOS_SALARIO
A2: 3411 | B2: HOMBRE | C2: 16858742 | D2: TRABAJADOR INDEPENDIENTE | E2: SECTOR PRIVADO | F2: SI | G2: NO | H2: NO | I2: 75 | J2: =IF(ABS((C2-AVERAGE($C:$C))/_xlfn.STDEV.S(moras2[SALARIO]))>1.96,"Atípico","No") -> Atípico | K2: =IF(ABS((moras2[[#This Row],[EDAD]]-AVERAGE($I:$I))/_xlfn.STDEV.S($I:$I))>1.96,"Atípico","No") -> Atípico | L2: =IF(I2<=35,"26-35",IF(I2<=45,"36-45",IF(I2<=55,"46-55","56+"))) -> 56+ | M2: =IF(C2<=500000,"0-500.000", IF(C2<=1000000,"500.001-1.000.000", IF(C2<=5000000,"1.000.001-5.000.000", "5.000.001-16.858.742"))) -> 5.000.001-16.858.742
A3: 3478 | B3: HOMBRE | C3: 14173194 | D3: PENSIONADOS EN SU PROPIO SISTEMA | E3: SECTOR PUBLICO | F3: SI | G3: NO | H3: NO | I3: 73 | J3: =IF(ABS((C3-AVERAGE($C:$C))/_xlfn.STDEV.S(moras2[SALARIO]))>1.96,"Atípico","No") -> Atípico | K3: =IF(ABS((moras2[[#This Row],[EDAD]]-AVERAGE($I:$I))/_xlfn.STDEV.S($I:$I))>1.96,"Atípico","No") -> Atípico | L3: =IF(I3<=35,"26-35",IF(I3<=45,"36-45",IF(I3<=55,"46-55","56+"))) -> 56+ | M3: =IF(C3<=500000,"0-500.000", IF(C3<=1000000,"500.001-1.000.000", IF(C3<=5000000,"1.000.001-5.000.000", "5.000.001-16.858.742"))) -> 5.000.001-16.858.742
A4: 1637 | B4: HOMBRE | C4: 12160184 | D4: ASALARIADO | E4: SECTOR PRIVADO | F4: SI | G4: NO | H4: NO | I4: 52 | J4: =IF(ABS((C4-AVERAGE($C:$C))/_xlfn.STDEV.S(moras2[SALARIO]))>1.96,"Atípico","No") -> Atípico | K4: =IF(ABS((moras2[[#This Row],[EDAD]]-AVERAGE($I:$I))/_xlfn.STDEV.S($I:$I))>1.96,"Atípico","No") -> No | L4: =IF(I4<=35,"26-35",IF(I4<=45,"36-45",IF(I4<=55,"46-55","56+"))) -> 46-55 | M4: =IF(C4<=500000,"0-500.000", IF(C4<=1000000,"500.001-1.000.000", IF(C4<=5000000,"1.000.001-5.000.000", "5.000.001-16.858.742"))) -> 5.000.001-16.858.742
A5: 1416 | B5: MUJER | C5: 11580186 | D5: ASALARIADO | E5: SECTOR PRIVADO | F5: SI | G5: NO | H5: NO | I5: 46 | J5: =IF(ABS((C5-AVERAGE($C:$C))/_xlfn.STDEV.S(moras2[SALARIO]))>1.96,"Atípico","No") -> Atípico | K5: =IF(ABS((moras2[[#This Row],[EDAD]]-AVERAGE($I:$I))/_xlfn.STDEV.S($I:$I))>1.96,"Atípico","No") -> No | L5: =IF(I5<=35,"26-35",IF(I5<=45,"36-45",IF(I5<=55,"46-55","56+"))) -> 46-55 | M5: =IF(C5<=500000,"0-500.000", IF(C5<=1000000,"500.001-1.000.000", IF(C5<=5000000,"1.000.001-5.000.000", "5.000.001-16.858.742"))) -> 5.000.001-16.858.742
A6: 3447 | B6: HOMBRE | C6: 11292324 | D6: ASALARIADO | E6: SECTOR PRIVADO | F6: SI | G6: SI | H6: NO | I6: 55 | J6: =IF(ABS((C6-AVERAGE($C:$C))/_xlfn.STDEV.S(moras2[SALARIO]))>1.96,"Atípico","No") -> Atípico | K6: =IF(ABS((moras2[[#This Row],[EDAD]]-AVERAGE($I:$I))/_xlfn.STDEV.S($I:$I))>1.96,"Atípico","No") -> No | L6: =IF(I6<=35,"26-35",IF(I6<=45,"36-45",IF(I6<=55,"46-55","56+"))) -> 46-55 | M6: =IF(C6<=500000,"0-500.000", IF(C6<=1000000,"500.001-1.000.000", IF(C6<=5000000,"1.000.001-5.000.000", "5.000.001-16.858.742"))) -> 5.000.001-16.858.742
A7: 3592 | B7: HOMBRE | C7: 9720000 | D7: ASALARIADO | E7: SECTOR PRIVADO | F7: SI | G7: SI | H7: NO | I7: 38 | J7: =IF(ABS((C7-AVERAGE($C:$C))/_xlfn.STDEV.S(moras2[SALARIO]))>1.96,"Atípico","No") -> Atípico | K7: =IF(ABS((moras2[[#This Row],[EDAD]]-AVERAGE($I:$I))/_xlfn.STDEV.S($I:$I))>1.96,"Atípico","No") -> No | L7: =IF(I7<=35,"26-35",IF(I7<=45,"36-45",IF(I7<=55,"46-55","56+"))) -> 36-45 | M7: =IF(C7<=500000,"0-500.000", IF(C7<=1000000,"500.001-1.000.000", IF(C7<=5000000,"1.000.001-5.000.000", "5.000.001-16.858.742"))) -> 5.000.001-16.858.742
A8: 4334 | B8: MUJER | C8: 9437618.5 | D8: ASALARIADO | E8: SECTOR PRIVADO | F8: SI | G8: NO | H8: NO | I8: 37 | J8: =IF(ABS((C8-AVERAGE($C:$C))/_xlfn.STDEV.S(moras2[SALARIO]))>1.96,"Atípico","No") -> Atípico | K8: =IF(ABS((moras2[[#This Row],[EDAD]]-AVERAGE($I:$I))/_xlfn.STDEV.S($I:$I))>1.96,"Atípico","No") -> No | L8: =IF(I8<=35,"26-35",IF(I8<=45,"36-45",IF(I8<=55,"46-55","56+"))) -> 36-45 | M8: =IF(C8<=500000,"0-500.000", IF(C8<=1000000,"500.001-1.000.000", IF(C8<=5000000,"1.000.001-5.000.000", "5.000.001-16.858.742"))) -> 5.000.001-16.858.742
A9: 4694 | B9: HOMBRE | C9: 8962309 | D9: PENSIONADOS EN SU PROPIO SISTEMA | E9: SECTOR PUBLICO | F9: SI | G9: NO | H9: NO | I9: 68 | J9: =IF(ABS((C9-AVERAGE($C:$C))/_xlfn.STDEV.S(moras2[SALARIO]))>1.96,"Atípico","No") -> Atípico | K9: =IF(ABS((moras2[[#This Row],[EDAD]]-AVERAGE($I:$I))/_xlfn.STDEV.S($I:$I))>1.96,"Atípico","No") -> No | L9: =IF(I9<=35,"26-35",IF(I9<=45,"36-45",IF(I9<=55,"46-55","56+"))) -> 56+ | M9: =IF(C9<=500000,"0-500.000", IF(C9<=1000000,"500.001-1.000.000", IF(C9<=5000000,"1.000.001-5.000.000", "5.000.001-16.858.742"))) -> 5.000.001-16.858.742
A10: 4219 | B10: HOMBRE | C10: 8850000 | D10: ASALARIADO | E10: SECTOR PRIVADO | F10: SI | G10: NO | H10: NO | I10: 41 | J10: =IF(ABS((C10-AVERAGE($C:$C))/_xlfn.STDEV.S(moras2[SALARIO]))>1.96,"Atípico","No") -> Atípico | K10: =IF(ABS((moras2[[#This Row],[EDAD]]-AVERAGE($I:$I))/_xlfn.STDEV.S($I:$I))>1.96,"Atípico","No") -> No | L10: =IF(I10<=35,"26-35",IF(I10<=45,"36-45",IF(I10<=55,"46-55","56+"))) -> 36-45 | M10: =IF(C10<=500000,"0-500.000", IF(C10<=1000000,"500.001-1.000.000", IF(C10<=5000000,"1.000.001-5.000.000", "5.000.001-16.858.742"))) -> 5.000.001-16.858.742
A11: 1719 | B11: MUJER | C11: 8457783.6 | D11: ASALARIADO | E11: SECTOR PRIVADO | F11: SI | G11: SI | H11: NO | I11: 55 | J11: =IF(ABS((C11-AVERAGE($C:$C))/_xlfn.STDEV.S(moras2[SALARIO]))>1.96,"Atípico","No") -> Atípico | K11: =IF(ABS((moras2[[#This Row],[EDAD]]-AVERAGE($I:$I))/_xlfn.STDEV.S($I:$I))>1.96,"Atípico","No") -> No | L11: =IF(I11<=35,"26-35",IF(I11<=45,"36-45",IF(I11<=55,"46-55","56+"))) -> 46-55 | M11: =IF(C11<=500000,"0-500.000", IF(C11<=1000000,"500.001-1.000.000", IF(C11<=5000000,"1.000.001-5.000.000", "5.000.001-16.858.742"))) -> 5.000.001-16.858.742
A12: 711 | B12: HOMBRE | C12: 8081401.8 | D12: ASALARIADO | E12: SECTOR PRIVADO | F12: SI | G12: NO | H12: NO | I12: 34 | J12: =IF(ABS((C12-AVERAGE($C:$C))/_xlfn.STDEV.S(moras2[SALARIO]))>1.96,"Atípico","No") -> Atípico | K12: =IF(ABS((moras2[[#This Row],[EDAD]]-AVERAGE($I:$I))/_xlfn.STDEV.S($I:$I))>1.96,"Atípico","No") -> No | L12: =IF(I12<=35,"26-35",IF(I12<=45,"36-45",IF(I12<=55,"46-55","56+"))) -> 26-35 | M12: =IF(C12<=500000,"0-500.000", IF(C12<=1000000,"500.001-1.000.000", IF(C12<=5000000,"1.000.001-5.000.000", "5.000.001-16.858.742"))) -> 5.000.001-16.858.742
A13: 4025 | B13: HOMBRE | C13: 7214352.2 | D13: ASALARIADO | E13: SECTOR PUBLICO | F13: SI | G13: NO | H13: NO | I13: 55 | J13: =IF(ABS((C13-AVERAGE($C:$C))/_xlfn.STDEV.S(moras2[SALARIO]))>1.96,"Atípico","No") -> Atípico | K13: =IF(ABS((moras2[[#This Row],[EDAD]]-AVERAGE($I:$I))/_xlfn.STDEV.S($I:$I))>1.96,"Atípico","No") -> No | L13: =IF(I13<=35,"26-35",IF(I13<=45,"36-45",IF(I13<=55,"46-55","56+"))) -> 46-55 | M13: =IF(C13<=500000,"0-500.000", IF(C13<=1000000,"500.001-1.000.000", IF(C13<=5000000,"1.000.001-5.000.000", "5.000.001-16.858.742"))) -> 5.000.001-16.858.742
... A5001: 2975 | B5001: MUJER | C5001: 10 | D5001: ASALARIADO | E5001: SECTOR PUBLICO | F5001: SI | G5001: NO | H5001: NO | I5001: 51 | J5001: =IF(ABS((C5001-AVERAGE($C:$C))/_xlfn.STDEV.S(moras2[SALARIO]))>1.96,"Atípico","No") -> No | K5001: =IF(ABS((moras2[[#This Row],[EDAD]]-AVERAGE($I:$I))/_xlfn.STDEV.S($I:$I))>1.96,"Atípico","No") -> No | L5001: =IF(I5001<=35,"26-35",IF(I5001<=45,"36-45",IF(I5001<=55,"46-55","56+"))) -> 46-55 | M5001: =IF(C5001<=500000,"0-500.000", IF(C5001<=1000000,"500.001-1.000.000", IF(C5001<=5000000,"1.000.001-5.000.000", "5.000.001-16.858.742"))) -> 0-500.000

Sheet Resolución de ejercicios
B26: Resumen de variables numéricas
B28: Variable | C28: Mínimo | D28: Q1 | E28: Mediana | F28: Q3 | G28: Máximo | H28: Promedio
B29: =moras[[#Headers],[SALARIO]] -> SALARIO | C29: =MIN(moras[SALARIO]) -> 10 | D29: =_xlfn.QUARTILE.INC(moras[SALARIO],1) -> 297429 | E29: =MEDIAN(moras[SALARIO]) -> 408495 | F29: =_xlfn.QUARTILE.INC(moras[SALARIO],3) -> 700000 | G29: =MAX(moras[SALARIO]) -> 16858742 | H29: =AVERAGE(moras[SALARIO]) -> 657534.29
B30: =moras[[#Headers],[EDAD]] -> EDAD | C30: =MIN(moras[EDAD]) -> 14 | D30: =_xlfn.QUARTILE.INC(moras[EDAD],1) -> 31 | E30: =MEDIAN(moras[EDAD]) -> 40 | F30: =_xlfn.QUARTILE.INC(moras[EDAD],3) -> 52 | G30: =MAX(moras[EDAD]) -> 99 | H30: =AVERAGE(moras[EDAD]) -> 41.906344
B34: Porcentajes de valores faltantes
B36: Variable | C36: Porcentaje
B37: =moras[[#Headers],[IDENTIFICACION]] -> IDENTIFICACION | C37: =COUNTBLANK(moras[IDENTIFICACION]) / ROWS(moras[IDENTIFICACION]) -> 0
B38: =moras[[#Headers],[SEXO]] -> SEXO | C38: =COUNTBLANK(moras[SEXO]) / ROWS(moras[SEXO]) -> 0
B39: =moras[[#Headers],[SALARIO]] -> SALARIO | C39: =COUNTBLANK(moras[SALARIO]) / ROWS(moras[SALARIO]) -> 0.0006
B40: =moras[[#Headers],[TIPO_ASEGURAMIENTO]] -> TIPO_ASEGURAMIENTO | C40: =COUNTBLANK(moras[TIPO_ASEGURAMIENTO]) / ROWS(moras[TIPO_ASEGURAMIENTO]) -> 0.0004
B41: =moras[[#Headers],[SECTOR]] -> SECTOR | C41: =COUNTBLANK(moras[SECTOR]) / ROWS(moras[SECTOR]) -> 0
B42: =moras[[#Headers],[INDICADOR_ACTIVO]] -> INDICADOR_ACTIVO | C42: =COUNTBLANK(moras[INDICADOR_ACTIVO]) / ROWS(moras[INDICADOR_ACTIVO]) -> 0
B43: =moras[[#Headers],[INDICADOR.EXTRANJERO]] -> INDICADOR.EXTRANJERO | C43: =COUNTBLANK(moras[INDICADOR.EXTRANJERO]) / ROWS(moras[INDICADOR.EXTRANJERO]) -> 0
B44: =moras[[#Headers],[INDICADOR_MOROSO]] -> INDICADOR_MOROSO | C44: =COUNTBLANK(moras[INDICADOR_MOROSO]) / ROWS(moras[INDICADOR_MOROSO]) -> 0
B45: =moras[[#Headers],[EDAD]] -> EDAD | C45: =COUNTBLANK(moras[EDAD]) / ROWS(moras[EDAD]) -> 0.0006
B46: =moras[[#Headers],[SALARIO_ATÍPICO]] -> SALARIO_ATÍPICO | C46: =COUNTBLANK(moras[SALARIO_ATÍPICO]) / ROWS(moras[SALARIO_ATÍPICO]) -> 0
B47: =moras[[#Headers],[EDAD_ATÍPICO]] -> EDAD_ATÍPICO | C47: =COUNTBLANK(moras[EDAD_ATÍPICO]) / ROWS(moras[EDAD_ATÍPICO]) -> 0
H51: Cantidad de personas
H52: MUJERES | I52: =COUNTIF(moras[SEXO],"MUJER") -> 1988
H53: HOMBRES | I53: =COUNTIF(moras[SEXO],"HOMBRE") -> 3012
H68: Cantidad de personas por título de aseguramiento
H69: {=_xlfn.UNIQUE(moras2[TIPO_ASEGURAMIENTO])} -> TRABAJADOR INDEPENDIENTE | I69: =COUNTIF(moras2[TIPO_ASEGURAMIENTO], 'Resolución de ejercicios'!H69) -> 700
H70: PENSIONADOS EN SU PROPIO SISTEMA | I70: =COUNTIF(moras2[TIPO_ASEGURAMIENTO], 'Resolución de ejercicios'!H70) -> 212
H71: ASALARIADO | I71: =COUNTIF(moras2[TIPO_ASEGURAMIENTO], 'Resolución de ejercicios'!H71) -> 3464
H72: CONVENIOS ESPECIALES DE ASEGURADOS VOLUNTARIOS | I72: =COUNTIF(moras2[TIPO_ASEGURAMIENTO], 'Resolución de ejercicios'!H72) -> 31
H73: CONVENIOS ESPECIALES DE TRABAJADORES INDEPENDIENTES | I73: =COUNTIF(moras2[TIPO_ASEGURAMIENTO], 'Resolución de ejercicios'!H73) -> 157
H74: ASEGURADO VOLUNTARIO | I74: =COUNTIF(moras2[TIPO_ASEGURAMIENTO], 'Resolución de ejercicios'!H74) -> 436
H85: Cantidad de personas por sector
H86: {=_xlfn.UNIQUE(moras2[SECTOR])} -> SECTOR PRIVADO | I86: =COUNTIF(moras2[SECTOR], H86) -> 3906
H87: SECTOR PUBLICO | I87: =COUNTIF(moras2[SECTOR], H87) -> 1094
H102: Cantidad de personas que tienen activo el seguro
H103: {=_xlfn.UNIQUE(moras2[INDICADOR_ACTIVO])} -> SI | I103: =COUNTIF(moras2[INDICADOR_ACTIVO], H103) -> 4966
H104: NO | I104: =COUNTIF(moras2[INDICADOR_ACTIVO], H104) -> 34
H119: Cantidad de personas extranjeras
H120: {=_xlfn.UNIQUE(moras2[INDICADOR.EXTRANJERO])} -> NO | I120: =COUNTIF(moras2[INDICADOR.EXTRANJERO], H120) -> 4397
H121: SI | I121: =COUNTIF(moras2[INDICADOR.EXTRANJERO], H121) -> 603
H136: Cantidad de morosos
H137: {=_xlfn.UNIQUE(moras2[INDICADOR_MOROSO])} -> NO | I137: =COUNTIF(moras2[INDICADOR_MOROSO], H137) -> 4130
H138: SI | I138: =COUNTIF(moras2[INDICADOR_MOROSO], H138) -> 870
H155: Sexo | I155: Porcentaje de morosos | J155: Cantidad por sexo | K155: Cantidad de morosos
H156: {=_xlfn.UNIQUE(moras2[SEXO])} -> HOMBRE | I156: =K156/J156*100 -> 17.729084 | J156: =COUNTIF(moras2[SEXO],H156) -> 3012 | K156: =COUNTIFS(moras2[SEXO], H156, moras2[INDICADOR_MOROSO], "SI") -> 534
H157: MUJER | I157: =K157/J157*100 -> 16.901408 | J157: =COUNTIF(moras2[SEXO],H157) -> 1988 | K157: =COUNTIFS(moras2[SEXO], H157, moras2[INDICADOR_MOROSO], "SI") -> 336
H172: Tipo de aseguramiento | I172: Porcentaje de morosos | J172: Cantidad por tipo | K172: Cantidad de morosos
H173: {=_xlfn.UNIQUE(moras2[TIPO_ASEGURAMIENTO])} -> TRABAJADOR INDEPENDIENTE | I173: =K173/J173*100 -> 56.142857 | J173: =COUNTIF(moras2[TIPO_ASEGURAMIENTO],H173) -> 700 | K173: =COUNTIFS(moras2[TIPO_ASEGURAMIENTO], H173, moras2[INDICADOR_MOROSO], "SI") -> 393
H174: PENSIONADOS EN SU PROPIO SISTEMA | I174: =K174/J174*100 -> 0 | J174: =COUNTIF(moras2[TIPO_ASEGURAMIENTO],H174) -> 212 | K174: =COUNTIFS(moras2[TIPO_ASEGURAMIENTO], H174, moras2[INDICADOR_MOROSO], "SI") -> 0
H175: ASALARIADO | I175: =K175/J175*100 -> 11.98037 | J175: =COUNTIF(moras2[TIPO_ASEGURAMIENTO],H175) -> 3464 | K175: =COUNTIFS(moras2[TIPO_ASEGURAMIENTO], H175, moras2[INDICADOR_MOROSO], "SI") -> 415
H176: CONVENIOS ESPECIALES DE ASEGURADOS VOLUNTARIOS | I176: =K176/J176*100 -> 0 | J176: =COUNTIF(moras2[TIPO_ASEGURAMIENTO],H176) -> 31 | K176: =COUNTIFS(moras2[TIPO_ASEGURAMIENTO], H176, moras2[INDICADOR_MOROSO], "SI") -> 0
H177: CONVENIOS ESPECIALES DE TRABAJADORES INDEPENDIENTES | I177: =K177/J177*100 -> 2.5477707 | J177: =COUNTIF(moras2[TIPO_ASEGURAMIENTO],H177) -> 157 | K177: =COUNTIFS(moras2[TIPO_ASEGURAMIENTO], H177, moras2[INDICADOR_MOROSO], "SI") -> 4
H178: ASEGURADO VOLUNTARIO | I178: =K178/J178*100 -> 13.302752 | J178: =COUNTIF(moras2[TIPO_ASEGURAMIENTO],H178) -> 436 | K178: =COUNTIFS(moras2[TIPO_ASEGURAMIENTO], H178, moras2[INDICADOR_MOROSO], "SI") -> 58
H189: Sector | I189: Porcentaje de morosos | J189: Cantidad por tipo | K189: Cantidad de morosos
H190: {=_xlfn.UNIQUE(moras2[SECTOR])} -> SECTOR PRIVADO | I190: =K190/J190*100 -> 18.023554 | J190: =COUNTIF(moras2[SECTOR],H190) -> 3906 | K190: =COUNTIFS(moras2[SECTOR], H190, moras2[INDICADOR_MOROSO], "SI") -> 704
H191: SECTOR PUBLICO | I191: =K191/J191*100 -> 15.173675 | J191: =COUNTIF(moras2[SECTOR],H191) -> 1094 | K191: =COUNTIFS(moras2[SECTOR], H191, moras2[INDICADOR_MOROSO], "SI") -> 166
H206: Si posee activo el seguro | I206: Porcentaje de morosos | J206: Cantidad por tipo | K206: Cantidad de morosos
H207: {=_xlfn.UNIQUE(moras2[INDICADOR_ACTIVO])} -> SI | I207: =K207/J207*100 -> 17.156665 | J207: =COUNTIF(moras2[INDICADOR_ACTIVO],H207) -> 4966 | K207: =COUNTIFS(moras2[INDICADOR_ACTIVO], H207, moras2[INDICADOR_MOROSO], "SI") -> 852
H208: NO | I208: =K208/J208*100 -> 52.941176 | J208: =COUNTIF(moras2[INDICADOR_ACTIVO],H208) -> 34 | K208: =COUNTIFS(moras2[INDICADOR_ACTIVO], H208, moras2[INDICADOR_MOROSO],"SI") -> 18
H223: Extranjero | I223: Porcentaje de morosos | J223: Cantidad por tipo | K223: Cantidad de morosos
H224: {=_xlfn.UNIQUE(moras2[INDICADOR_ACTIVO])} -> SI | I224: =K224/J224*100 -> 24.046434 | J224: =COUNTIF(moras2[INDICADOR.EXTRANJERO],H224) -> 603 | K224: =COUNTIFS(moras2[INDICADOR.EXTRANJERO], H224, moras2[INDICADOR_MOROSO], "SI") -> 145
H225: NO | I225: =K225/J225*100 -> 16.488515 | J225: =COUNTIF(moras2[INDICADOR.EXTRANJERO],H225) -> 4397 | K225: =COUNTIFS(moras2[INDICADOR.EXTRANJERO], H225, moras2[INDICADOR_MOROSO], "SI") -> 725
H242: Edad | I242: Cantidad de morosos | J242: Cantidad de no morosos
H243: {=_xlfn.UNIQUE(moras2[RANGOS_EDAD])} -> 56+ | I243: =COUNTIFS(moras2[RANGOS_EDAD], H243, moras2[INDICADOR_MOROSO], "SI") -> 162 | J243: =COUNTIFS(moras2[RANGOS_EDAD],H243, moras2[INDICADOR_MOROSO],"NO") -> 765
H244: 46-55 | I244: =COUNTIFS(moras2[RANGOS_EDAD], H244, moras2[INDICADOR_MOROSO], "SI") -> 212 | J244: =COUNTIFS(moras2[RANGOS_EDAD],H244, moras2[INDICADOR_MOROSO],"NO") -> 700
H245: 36-45 | I245: =COUNTIFS(moras2[RANGOS_EDAD], H245, moras2[INDICADOR_MOROSO], "SI") -> 254 | J245: =COUNTIFS(moras2[RANGOS_EDAD],H245, moras2[INDICADOR_MOROSO],"NO") -> 1002
H246: 26-35 | I246: =COUNTIFS(moras2[RANGOS_EDAD], H246, moras2[INDICADOR_MOROSO], "SI") -> 242 | J246: =COUNTIFS(moras2[RANGOS_EDAD],H246, moras2[INDICADOR_MOROSO],"NO") -> 1663
H259: Salario | I259: Cantidad de morosos | J259: Cantidad de no morosos
H260: {=_xlfn.UNIQUE(moras2[RANGOS_SALARIO])} -> 5.000.001-16.858.742 | I260: =COUNTIFS(moras2[RANGOS_SALARIO], H260, moras2[INDICADOR_MOROSO], "SI") -> 1 | J260: =COUNTIFS(moras2[RANGOS_SALARIO],H260, moras2[INDICADOR_MOROSO],"NO") -> 22
H261: 1.000.001-5.000.000 | I261: =COUNTIFS(moras2[RANGOS_SALARIO], H261, moras2[INDICADOR_MOROSO], "SI") -> 86 | J261: =COUNTIFS(moras2[RANGOS_SALARIO],H261, moras2[INDICADOR_MOROSO],"NO") -> 674
H262: 500.001-1.000.000 | I262: =COUNTIFS(moras2[RANGOS_SALARIO], H262, moras2[INDICADOR_MOROSO], "SI") -> 178 | J262: =COUNTIFS(moras2[RANGOS_SALARIO],H262, moras2[INDICADOR_MOROSO],"NO") -> 1021
H263: 0-500.000 | I263: =COUNTIFS(moras2[RANGOS_SALARIO], H263, moras2[INDICADOR_MOROSO], "SI") -> 605 | J263: =COUNTIFS(moras2[RANGOS_SALARIO],H263, moras2[INDICADOR_MOROSO],"NO") -> 2413
